{"expo":
[
    {
        "id": "AL",
        "name": "Alabama",
        "towns": [
            "Birmingham",
            "Auburn",
            "Montgomery",
            "Huntsville",
            "Mobile",
            "Gulf Shores",
            "Dothan",
            "Tuscaloosa",
            "Orange Beach",
            "Gadsden",
            "Fairhope",
            "Foley",
            "Cullman",
            "Opelika",
            "Tuskegee",
            "Prattville",
            "Daphne",
            "Midland City",
            "Anniston",
            "Phenix City",
            "Muscle Shoals",
            "Clanton",
            "Trussville",
            "Scottsboro",
            "Guntersville",
            "Fort Payne",
            "Saraland",
            "Eufaula",
            "Wetumpka",
            "Talladega",
            "Hartselle",
            "Dauphin Island",
            "Monroeville",
            "Alabaster",
            "Pell City",
            "Atmore",
            "Sylacauga",
            "Brewton",
            "Alexander City",
            "Calera",
            "Gardendale",
            "Vestavia Hills",
            "Centre",
            "Spanish Fort",
            "Demopolis",
            "Tuscumbia",
            "Robertsdale",
            "Bay Minette",
            "Semmes",
            "Haleyville"
        ]

    },
    {
        "id": "AK",
        "name": "Alaska",
        "towns": [
            "Anchorage",
            "Juneau",
            "Fairbanks",
            "Sitka",
            "Utqiagvik",
            "Ketchikan",
            "North Pole",
            "Nome",
            "Wasilla",
            "Seward",
            "Whittier",
            "Talkeetna",
            "Skagway",
            "Kenai",
            "Kodiak",
            "Valdez",
            "Soldotna",
            "Port Protection",
            "Alyeska",
            "Haines",
            "Bethel",
            "Unalaska",
            "Circle",
            "Petersburg",
            "Shishmaref",
            "McCarthy",
            "Wrangell",
            "Eielson Air Force Base",
            "Prudhoe Bay",
            "Diomede",
            "Seldovia",
            "Denali Park",
            "Attu Station",
            "Fort Yukon",
            "Adak",
            "Kotzebue",
            "Noorvik",
            "Arctic Village",
            "Point Hope",
            "Delta Junction",
            "Hoonah",
            "Dillingham",
            "Cooper Landing",
            "Nenana",
            "Glennallen",
            "Ninilchik",
            "Bettles",
            "Fort Greely",
            "Newtok",
            "Kaktovik"
        ]
    },
    {
        "id": "AZ",
        "name": "Arizona",
        "towns": [
            "Phoenix",
            "Tucson",
            "Sedona",
            "Scottsdale",
            "Grand Canyon Village",
            "Mesa",
            "Flagstaff",
            "Tempe",
            "Yuma",
            "Gilbert",
            "Chandler",
            "Glendale",
            "Prescott",
            "Surprise",
            "Kingman",
            "Arizona City",
            "Peoria",
            "Lake Havasu City",
            "Goodyear",
            "Page",
            "Casa Grande",
            "Buckeye",
            "Queen Creek",
            "Williams",
            "Maricopa",
            "Sierra Vista",
            "Bullhead City",
            "Cottonwood",
            "Tombstone",
            "Nogales",
            "Show Low",
            "Payson",
            "Apache Junction",
            "Bisbee",
            "San Tan Valley",
            "Cave Creek",
            "Wickenburg",
            "Prescott Valley",
            "Paradise Valley",
            "Safford",
            "Marana",
            "Fountain Hills",
            "San Luis",
            "Oro Valley",
            "Tolleson",
            "Quartzsite",
            "Pinetop-Lakeside",
            "Eloy",
            "Litchfield Park",
            "Sun City West"
        ]
    },
    {
        "id": "AR",
        "name": "Arkansas",
        "towns": [
            "Little Rock",
            "Hot Springs",
            "Bentonville",
            "Fayetteville",
            "Arkansas City",
            "Fort Smith",
            "Jonesboro",
            "Conway",
            "Rogers",
            "Springdale",
            "Harrison",
            "Eureka Springs",
            "Pine Bluff",
            "Russellville",
            "Searcy",
            "Mountain Home",
            "Benton",
            "Texarkana",
            "North Little Rock",
            "Cabot",
            "West Memphis",
            "Batesville",
            "El Dorado",
            "Paragould",
            "Van Buren",
            "Bella Vista",
            "Bryant",
            "Mena",
            "Blytheville",
            "Ozark",
            "Mountain View",
            "Camden",
            "Siloam Springs",
            "Stuttgart",
            "Arkadelphia",
            "Heber Springs",
            "Maumelle",
            "Forrest City",
            "Wynne",
            "Marion",
            "Hot Springs Village",
            "Morrilton",
            "Beebe",
            "Murfreesboro",
            "Centerton",
            "Hazen",
            "Flippin",
            "Trumann",
            "Helena-West Helena",
            "Lonoke"
        ]
    },
    {
        "id": "CA",
        "name": "California",
        "towns": [
            "Los Angeles",
            "San Francisco",
            "San Diego",
            "Sacramento",
            "California City",
            "San Jose",
            "Fresno",
            "Bakersfield",
            "Oakland",
            "Santa Barbara",
            "Long Beach",
            "Anaheim",
            "Palm Springs",
            "Irvine",
            "Santa Monica",
            "Beverly Hills",
            "Pasadena",
            "Stockton",
            "Malibu",
            "Santa Rosa",
            "San Bernardino",
            "Monterey",
            "Berkeley",
            "Modesto",
            "Indio",
            "Santa Ana",
            "Santa Clara",
            "Fremont",
            "Ventura",
            "Visalia",
            "Oceanside",
            "Huntington Beach",
            "Temecula",
            "Palmdale",
            "Burbank",
            "Compton",
            "Newport Beach",
            "Oxnard",
            "Pomona",
            "Glendale",
            "Redwood City",
            "Victorville",
            "Vallejo",
            "Carlsbad",
            "Santa Maria",
            "San Luis Obispo",
            "Tracy",
            "Fontana",
            "Carmel-by-the-Sea",
            "Escondido"
        ]

    },
    {
        "id": "CO",
        "name": "Colorado",
        "towns": [
            "Denver",
            "Colorado Springs",
            "Aurora",
            "Aspen",
            "Boulder",
            "Fort Collins",
            "Pueblo",
            "Breckenridge",
            "Vail",
            "Grand Junction",
            "Durango",
            "Loveland",
            "Greeley",
            "Longmont",
            "Telluride",
            "Littleton",
            "Lakewood",
            "Golden",
            "Parker",
            "Estes Park",
            "Glenwood Springs",
            "Colorado City",
            "Centennial",
            "Broomfield",
            "Westminster",
            "Arvada",
            "Winter Park",
            "Steamboat Springs",
            "Castle Rock",
            "Thornton",
            "Englewood",
            "Brighton",
            "Ouray",
            "Pagosa Springs",
            "Fairplay",
            "Louisville",
            "Lafayette",
            "Highlands Ranch",
            "Cañon City",
            "Keystone",
            "Manitou Springs",
            "Salida",
            "Erie",
            "Alamosa",
            "Gunnison",
            "Leadville",
            "Crested Butte",
            "Commerce City",
            "Woodland Park",
            "Buena Vista"
        ]

    },
    {
        "id": "CT",
        "name": "Connecticut",
        "towns": [
            "Hartford",
            "New Haven",
            "Stamford",
            "Shelton",
            "Bridgeport",
            "Danbury",
            "Greenwich",
            "Norwalk",
            "Waterbury",
            "Fairfield",
            "Milford",
            "Manchester",
            "Meriden",
            "Middletown",
            "Southington",
            "Wallingford",
            "Westport",
            "New Britain",
            "Hamden",
            "New London",
            "West Hartford",
            "Groton",
            "Enfield",
            "Norwich",
            "Stratford",
            "Farmington",
            "Glastonbury",
            "Torrington",
            "Avon",
            "Vernon",
            "Ridgefield",
            "Newington",
            "Branford",
            "Trumbull",
            "Simsbury",
            "Darien",
            "Windsor",
            "West Haven",
            "East Hartford",
            "North Haven",
            "Wethersfield",
            "Guilford",
            "South Windsor",
            "Newtown",
            "New Canaan",
            "Madison",
            "New Milford",
            "Bloomfield",
            "Southbury",
            "Watertown"
        ]

    },
    {
        "id": "DE",
        "name": "Delaware",
        "towns": [
            "Wilmington",
            "Dover",
            "Newark",
            "Delaware City",
            "Rehoboth Beach",
            "Lewes",
            "Middletown",
            "New Castle",
            "Milford",
            "Seaford",
            "Millsboro",
            "Bear",
            "Wyoming",
            "Georgetown",
            "Bethany Beach",
            "Milton",
            "Camden",
            "Laurel",
            "Ocean View",
            "Claymont",
            "Selbyville",
            "Harrington",
            "Hockessin",
            "Delmar",
            "Felton",
            "Bridgeville",
            "Christiana",
            "Frankford",
            "Dewey Beach",
            "Townsend",
            "Dagsboro",
            "Fenwick Island",
            "Magnolia",
            "Millville",
            "Long Neck",
            "Frederica",
            "Newport",
            "Houston",
            "Pike Creek",
            "Elsmere",
            "Ellendale",
            "South Bethany",
            "Odessa",
            "Hartly",
            "Harbeson",
            "Slaughter Beach",
            "Angola by the Bay",
            "Bowers",
            "Henlopen Acres",
            "Woodland Beach"
        ]

    },
    {
        "id": "FL",
        "name": "Florida",
        "towns": [
            "Miami",
            "Orlando",
            "Tampa",
            "Tallahassee",
            "Jacksonville",
            "Fort Lauderdale",
            "Destin",
            "Key West",
            "Naples",
            "Sarasota",
            "Fort Myers",
            "Pensacola",
            "Clearwater",
            "St. Augustine",
            "St. Petersburg",
            "West Palm Beach",
            "Daytona Beach",
            "Gainesville",
            "Kissimmee",
            "Ocala",
            "Boca Raton",
            "Panama City Beach",
            "Miami Beach",
            "Palm Beach",
            "Bradenton",
            "Cape Coral",
            "Siesta Key",
            "Cocoa Beach",
            "The Villages",
            "Marco Island",
            "Florida City",
            "Vero Beach",
            "Port St. Lucie",
            "Pompano Beach",
            "Delray Beach",
            "Crystal River",
            "Seaside",
            "Port Charlotte",
            "Punta Gorda",
            "Rosemary Beach",
            "Palm Coast",
            "Santa Rosa Beach",
            "Fort Walton Beach",
            "Bonita Springs",
            "Dunedin",
            "Winter Haven",
            "New Smyrna Beach",
            "Boynton Beach",
            "Fort Pierce",
            "Palm Bay"
        ]
    },
    {
        "id": "GA",
        "name": "Georgia",
        "towns": [
            "Atlanta",
            "Savannah",
            "Augusta",
            "Valdosta",
            "Athens",
            "Macon",
            "Marietta",
            "Alpharetta",
            "Helen",
            "Lawrenceville",
            "Douglasville",
            "Cumming",
            "Newnan",
            "Stone Mountain",
            "McDonough",
            "Decatur",
            "Tybee Island",
            "Covington",
            "Kennesaw",
            "Cartersville",
            "Warner Robins",
            "Conyers",
            "Tifton",
            "Roswell",
            "Buford",
            "LaGrange",
            "Statesboro",
            "Pooler",
            "Waycross",
            "Milledgeville",
            "Acworth",
            "Snellville",
            "Smyrna",
            "Hinesville",
            "Norcross",
            "Ellijay",
            "Suwanee",
            "Dahlonega",
            "Winder",
            "Loganville",
            "Dawsonville",
            "Americus",
            "Blairsville",
            "St. Simons Island",
            "Peachtree City",
            "Sandy Springs",
            "Austell",
            "Fairburn",
            "Villa Rica",
            "Cordele"
        ]

    },
    {
        "id": "HI",
        "name": "Hawaii",
        "towns": [
            "Honolulu",
            "Kailua-Kona",
            "Hilo",
            "Hawaii Volcanoes National Park",
            "Hawi",
            "Kailua",
            "Lahaina",
            "Kaneohe",
            "Kahului",
            "Kapolei",
            "Waimea",
            "Volcano",
            "Lihue",
            "Kihei",
            "Waikoloa Village",
            "Ewa Beach",
            "Waipahu",
            "Mililani",
            "Pearl City",
            "Aiea",
            "Koloa",
            "Waianae",
            "Pāhoa",
            "Wahiawa",
            "Haleiwa",
            "Hawaiian Beaches",
            "Captain Cook",
            "Kapalua",
            "Laie",
            "Hana",
            "Wheeler Army Airfield",
            "Wailuku",
            "Kaanapali",
            "Kapaʻa",
            "Hanalei",
            "Princeville",
            "Keaau",
            "Kahuku",
            "Waimānalo",
            "Paia",
            "Makawao",
            "Schofield Barracks",
            "Waialua",
            "Marine Corps Base Hawaii",
            "Mākaha",
            "Waimanalo Beach",
            "Joint Base Pearl Harbor-Hickam",
            "Hanapepe",
            "Royal Kunia",
            "Napili-Honokowai"
        ]
    },
    {
        "id": "ID",
        "name": "Idaho",
        "towns": [
            "Boise",
            "Idaho Falls",
            "Twin Falls",
            "Meridian",
            "Nampa",
            "Pocatello",
            "Moscow",
            "Idaho City",
            "Lewiston",
            "Caldwell",
            "Coeur d'Alene",
            "Sandpoint",
            "Eagle",
            "Post Falls",
            "Rexburg",
            "Sun Valley",
            "Burley",
            "McCall",
            "Mountain Home",
            "Blackfoot",
            "Ketchum",
            "Emmett",
            "Star",
            "Driggs",
            "Bonners Ferry",
            "Weiser",
            "Rathdrum",
            "Grangeville",
            "Springfield",
            "Island Park",
            "Kellogg",
            "Hot Springs",
            "Buhl",
            "Athol",
            "Saint Maries",
            "Lava Hot Springs",
            "Soda Springs",
            "Malad City",
            "Kamiah",
            "Priest River",
            "Saint Anthony",
            "Homedale",
            "American Falls",
            "Sagle",
            "Hagerman",
            "Landmark",
            "New Plymouth",
            "Arco",
            "Hayden Lake",
            "Ponderay"
        ]
    },
    {
        "id": "IL",
        "name": "Illinois",
        "towns": [
            "Chicago",
            "Springfield",
            "Illinois City",
            "Peoria",
            "Rockford",
            "Champaign",
            "Naperville",
            "Joliet",
            "Elgin",
            "Carbondale",
            "Edwardsville",
            "Schaumburg",
            "Belleville",
            "Evanston",
            "Galesburg",
            "Moline",
            "Plainfield",
            "Waukegan",
            "DeKalb",
            "Effingham",
            "Bolingbrook",
            "Pekin",
            "Orland Park",
            "Kankakee",
            "Arlington Heights",
            "Elmhurst",
            "Des Plaines",
            "Skokie",
            "Wheaton",
            "Crystal Lake",
            "Galena",
            "Lombard",
            "Downers Grove",
            "Palatine",
            "Oak Park",
            "Rosemont",
            "Glenview",
            "McHenry",
            "Gurnee",
            "Oak Brook",
            "Northbrook",
            "Oak Lawn",
            "Tinley Park",
            "Elk Grove Village",
            "Belvidere",
            "Barrington",
            "Niles",
            "Buffalo Grove",
            "Libertyville",
            "Berwyn"
        ]

    },
    {
        "id": "IN",
        "name": "Indiana",
        "towns": [
            "Indianapolis",
            "Fort Wayne",
            "Evansville",
            "Bloomington",
            "Gary",
            "South Bend",
            "Carmel",
            "Muncie",
            "Terre Haute",
            "Kokomo",
            "Elkhart",
            "Valparaiso",
            "Hammond",
            "Fishers",
            "Notre Dame",
            "Jeffersonville",
            "Noblesville",
            "Merrillville",
            "West Lafayette",
            "Michigan City",
            "Vincennes",
            "Goshen",
            "Mishawaka",
            "Plainfield",
            "Crown Point",
            "New Castle",
            "Lebanon",
            "Crawfordsville",
            "Logansport",
            "Munster",
            "Nashville",
            "Brazil",
            "Wabash",
            "Zionsville",
            "Lawrenceburg",
            "Brownsburg",
            "Schererville",
            "Corydon",
            "Connersville",
            "French Lick",
            "Chesterton",
            "East Chicago",
            "Scottsburg",
            "Greencastle",
            "Dyer",
            "Vevay",
            "Columbia City",
            "North Vernon",
            "Saint John",
            "Kendallville"
        ]

    },
    {
        "id": "IA",
        "name": "Iowa",
        "towns": [
            "Des Moines",
            "Iowa City",
            "Cedar Rapids",
            "Perry",
            "Davenport",
            "Dubuque",
            "Ames",
            "Sioux City",
            "Waterloo",
            "Ankeny",
            "Council Bluffs",
            "Mason City",
            "Ottumwa",
            "Cedar Falls",
            "Fort Dodge",
            "West Des Moines",
            "Bettendorf",
            "Marion",
            "Marshalltown",
            "Pella",
            "Muscatine",
            "Coralville",
            "Carroll",
            "Urbandale",
            "Waukee",
            "Decorah",
            "Keokuk",
            "Boone",
            "Clear Lake",
            "Storm Lake",
            "Indianola",
            "Oskaloosa",
            "Fort Madison",
            "Grinnell",
            "Le Mars",
            "Maquoketa",
            "Orange City",
            "Winterset",
            "North Liberty",
            "Algona",
            "Dyersville",
            "Sioux Center",
            "Webster City",
            "Clarinda",
            "Oelwein",
            "Estherville",
            "Waukon",
            "Anamosa",
            "Albia",
            "Okoboji"
        ]

    },
    {
        "id": "KS",
        "name": "Kansas",
        "towns": [
            "Kansas City",
            "Topeka",
            "Wichita",
            "Overland Park",
            "Lawrence",
            "Manhattan",
            "Salina",
            "Olathe",
            "Hays",
            "Hutchinson",
            "Dodge City",
            "Garden City",
            "Lenexa",
            "Emporia",
            "Liberal",
            "Leavenworth",
            "Derby",
            "Junction City",
            "Leawood",
            "McPherson",
            "Great Bend",
            "El Dorado",
            "Gardner",
            "Winfield",
            "Atchison",
            "Chanute",
            "Coffeyville",
            "Fort Scott",
            "Arkansas City",
            "Pratt",
            "Paola",
            "Iola",
            "Prairie Village",
            "Wamego",
            "Bonner Springs",
            "De Soto",
            "Haysville",
            "Baldwin City",
            "Mulvane",
            "Basehor",
            "Tonganoxie",
            "Larned",
            "Lindsborg",
            "Scott City",
            "Baxter Springs",
            "Valley Center",
            "Eudora",
            "Hesston",
            "Stilwell",
            "Osawatomie"
        ]

    },
    {
        "id": "KY",
        "name": "Kentucky",
        "towns": [
            "Louisville",
            "Lexington",
            "Bowling Green",
            "Frankfort",
            "Mammoth Cave",
            "Paducah",
            "Owensboro",
            "Richmond",
            "Elizabethtown",
            "Ashland",
            "Somerset",
            "Murray",
            "Hopkinsville",
            "Morehead",
            "Bardstown",
            "Pikeville",
            "Henderson",
            "Danville",
            "Glasgow",
            "Campbellsville",
            "Berea",
            "Madisonville",
            "Nicholasville",
            "Mayfield",
            "Franklin",
            "Mount Sterling",
            "Shepherdsville",
            "La Grange",
            "Middlesboro",
            "Carrollton",
            "Erlanger",
            "Radcliff",
            "Harrodsburg",
            "Harlan",
            "Prestonsburg",
            "Leitchfield",
            "Paintsville",
            "Cynthiana",
            "Barbourville",
            "Russell Springs",
            "Dry Ridge",
            "Cave City",
            "Fort Knox",
            "Fort Thomas",
            "Fort Mitchell",
            "Jeffersontown",
            "West Van Lear",
            "Muldraugh",
            "Smiths Grove",
            "Taylor Mill"
        ]

    },
    {
        "id": "LA",
        "name": "Louisiana",
        "towns": [
            "New Orleans",
            "Baton Rouge",
            "Bossier City",
            "Lafayette",
            "Shreveport",
            "Lake Charles",
            "Houma",
            "Metairie",
            "Slidell",
            "West Monroe",
            "Ruston",
            "Mandeville",
            "Natchitoches",
            "Sulphur",
            "New Iberia",
            "Kenner",
            "Opelousas",
            "Leesville",
            "Denham Springs",
            "DeRidder",
            "Thibodaux",
            "Broussard",
            "Abbeville",
            "Gretna",
            "Ponchatoula",
            "Amite City",
            "Youngsville",
            "Many",
            "Morgan City",
            "Prairieville",
            "Marrero",
            "Breaux Bridge",
            "Bogalusa",
            "Carencro",
            "Marksville",
            "Madisonville",
            "Chalmette",
            "Farmerville",
            "Rayville",
            "Plaquemine",
            "Port Allen",
            "Winnfield",
            "Ville Platte",
            "Haughton",
            "Belle Chasse",
            "Saint Francisville",
            "Grand Isle",
            "Harahan",
            "Grambling",
            "Donaldsonville"
        ]
     

    },
    {
        "id": "ME",
        "name": "Maine",
        "towns": [
            "Portland",
            "Bar Harbor",
            "Bangor",
            "Augusta",
            "Lewiston",
            "Auburn",
            "Biddeford",
            "Saco",
            "Orono",
            "South Portland",
            "Rockland",
            "Wells",
            "Ogunquit",
            "Camden",
            "Old Orchard Beach",
            "Kennebunkport",
            "Kittery",
            "Presque Isle",
            "Kennebunk",
            "Houlton",
            "Skowhegan",
            "Gorham",
            "Brewer",
            "Acadia",
            "Bridgton",
            "Topsham",
            "Machias",
            "Cape Elizabeth",
            "Gray",
            "Rangeley",
            "Rumford",
            "Calais",
            "Gardiner",
            "Millinocket",
            "Damariscotta",
            "Fairfield",
            "Waldoboro",
            "Wiscasset",
            "Winslow",
            "Boothbay",
            "Fryeburg",
            "Bucksport",
            "Dover-Foxcroft",
            "Waterboro",
            "South Berwick",
            "Manchester",
            "Hermon",
            "Harpswell",
            "Mexico",
            "Chebeague Island"
        ]

    },
    {
        "id": "MD",
        "name": "Maryland",
        "towns": [
            "Baltimore",
            "Annapolis",
            "Ocean City",
            "Frederick",
            "Silver Spring",
            "Rockville",
            "Bethesda",
            "Hagerstown",
            "Gaithersburg",
            "College Park",
            "Bowie",
            "Bel Air",
            "Germantown",
            "Towson",
            "Elkton",
            "Potomac",
            "Glen Burnie",
            "Hyattsville",
            "Maryland City",
            "Capitol Heights",
            "Ellicott City",
            "Upper Marlboro",
            "Owings Mills",
            "Lanham",
            "Catonsville",
            "La Plata",
            "Timonium",
            "Chestertown",
            "Elkridge",
            "Olney",
            "Odenton",
            "Takoma Park",
            "Leonardtown",
            "Oxon Hill",
            "Beltsville",
            "Havre de Grace",
            "Fort Washington",
            "Dundalk",
            "Severna Park",
            "Prince Frederick",
            "Pikesville",
            "Frostburg",
            "Cockeysville",
            "Mechanicsville",
            "Sykesville",
            "Reisterstown",
            "Saint Michaels",
            "Temple Hills",
            "Linthicum Heights",
            "White Marsh"
        ]

    },
    {
        "id": "MA",
        "name": "Massachusetts",
        "towns": [
            "Boston",
            "Springfield",
            "Salem",
            "Cambridge",
            "Worcester",
            "Plymouth",
            "Peabody",
            "Lowell",
            "Framingham",
            "Brockton",
            "Lynn",
            "Quincy",
            "Fall River",
            "Amherst",
            "Waltham",
            "Pittsfield",
            "New Bedford",
            "Haverhill",
            "Marlborough",
            "Taunton",
            "Woburn",
            "Andover",
            "Somerville",
            "Nantucket",
            "Brookline",
            "Beverly",
            "Northampton",
            "Holyoke",
            "Fitchburg",
            "Attleboro",
            "Malden",
            "Methuen",
            "Natick",
            "Leominster",
            "Weymouth",
            "Danvers",
            "Wellesley",
            "Chicopee",
            "Falmouth",
            "Shrewsbury",
            "Revere",
            "Watertown",
            "Chelmsford",
            "Braintree",
            "Westborough",
            "Newburyport",
            "Foxborough",
            "Dedham",
            "Billerica",
            "Acton"
        ]

    },
    {
        "id": "MI",
        "name": "Michigan",
        "towns": [
            "Detroit",
            "Lansing",
            "Grand Rapids",
            "Ann Arbor",
            "Flint",
            "Kalamazoo",
            "Saginaw",
            "Traverse City",
            "Dearborn",
            "Muskegon",
            "Battle Creek",
            "Warren",
            "Livonia",
            "Bay City",
            "Novi",
            "Southfield",
            "Sterling Heights",
            "Ypsilanti",
            "Adrian",
            "Frankenmuth",
            "Farmington Hills",
            "East Lansing",
            "Port Huron",
            "Rochester Hills",
            "Petoskey",
            "Clinton Township",
            "Alpena",
            "Waterford Township",
            "Grand Haven",
            "Westland",
            "South Haven",
            "Mackinac Island",
            "Grand Blanc",
            "Northville",
            "City of the Village of Clarkston",
            "Benton Harbor",
            "Auburn Hills",
            "Escanaba",
            "Lapeer",
            "Ludington",
            "Saugatuck",
            "Owosso",
            "Bloomfield Hills",
            "Sault Ste. Marie",
            "West Bloomfield Township",
            "Hillsdale",
            "New Buffalo",
            "St. Clair Shores",
            "Grandville",
            "Redford Charter Township"
        ]

    },
    {
        "id": "MN",
        "name": "Minnesota",
        "towns": [
            "Minneapolis",
            "Saint Paul",
            "Duluth",
            "Minnesota City",
            "St. Cloud",
            "Mankato",
            "Burnsville",
            "Eagan",
            "Bemidji",
            "Plymouth",
            "Brainerd",
            "Winona",
            "Maple Grove",
            "Eden Prairie",
            "Edina",
            "Lakeville",
            "Blaine",
            "Minnetonka",
            "Shakopee",
            "Red Lake",
            "Willmar",
            "Moorhead",
            "Owatonna",
            "Coon Rapids",
            "Hibbing",
            "Brooklyn Park",
            "White Bear Lake",
            "Faribault",
            "Albert Lea",
            "Detroit Lakes",
            "New Ulm",
            "Anoka",
            "Cloquet",
            "Elk River",
            "Fergus Falls",
            "Cottage Grove",
            "St. Louis Park",
            "Prior Lake",
            "Wayzata",
            "Chanhassen",
            "Richfield",
            "Fridley",
            "Pipestone",
            "Waconia",
            "Thief River Falls",
            "Park Rapids",
            "Shoreview",
            "Sartell",
            "Inver Grove Heights",
            "Waseca"
        ]

    },
    {
        "id": "MS",
        "name": "Mississippi",
        "towns": [
            "Jackson",
            "Mississippi State",
            "Biloxi",
            "Hattiesburg",
            "Tupelo",
            "Laurel",
            "Gulfport",
            "Oxford",
            "Meridian",
            "Starkville",
            "Vicksburg",
            "Southaven",
            "Madison",
            "Olive Branch",
            "Brandon",
            "Natchez",
            "Greenville",
            "Flowood",
            "Ocean Springs",
            "Ridgeland",
            "Corinth",
            "Philadelphia",
            "Pearl",
            "McComb",
            "Brookhaven",
            "Grenada",
            "Greenwood",
            "Canton",
            "Pascagoula",
            "Clarksdale",
            "Hernando",
            "New Albany",
            "Picayune",
            "Mississippi City",
            "Lucedale",
            "Petal",
            "Pontotoc",
            "University",
            "Forest",
            "Byram",
            "Amory",
            "Bay St. Louis",
            "Horn Lake",
            "Kosciusko",
            "Senatobia",
            "Magee",
            "Tunica",
            "Yazoo City",
            "Holly Springs",
            "Indianola"
        ]

    },
    {
        "id": "MO",
        "name": "Missouri",
        "towns": [
            "Kansas City",
            "St. Louis",
            "Springfield",
            "Jefferson City",
            "Branson",
            "Columbia",
            "Joplin",
            "University City",
            "Independence",
            "Saint Joseph",
            "Cape Girardeau",
            "Saint Charles",
            "Rolla",
            "Ozark",
            "Lee's Summit",
            "Sedalia",
            "Poplar Bluff",
            "Chesterfield",
            "St. Peters",
            "Sikeston",
            "West Plains",
            "Warrensburg",
            "Wentzville",
            "Nixa",
            "Blue Springs",
            "Festus",
            "Kirksville",
            "Moberly",
            "Florissant",
            "Neosho",
            "Ballwin",
            "Osage Beach",
            "Camdenton",
            "Harrisonville",
            "Lake Ozark",
            "Monett",
            "Fort Leonard Wood",
            "Kennett",
            "Boonville",
            "Kirkwood",
            "Saint Robert",
            "Raymore",
            "Hermann",
            "Maryland Heights",
            "Raytown",
            "Cassville",
            "O'Fallon",
            "Excelsior Springs",
            "Webb City",
            "Creve Coeur"
        ]

    },
    {
        "id": "MT",
        "name": "Montana",
        "towns": [
            "Bozeman",
            "Billings",
            "Helena",
            "Missoula",
            "West Yellowstone",
            "Montana City",
            "Great Falls",
            "Kalispell",
            "Big Sky",
            "Butte",
            "Whitefish",
            "Livingston",
            "Havre",
            "Dillon",
            "Belgrade",
            "Miles City",
            "Laurel",
            "Glendive",
            "Sidney",
            "Lewistown",
            "Polson",
            "Red Lodge",
            "Anaconda",
            "Columbia Falls",
            "Bigfork",
            "Stevensville",
            "Gardiner",
            "Hot Springs",
            "Ennis",
            "Three Forks",
            "Choteau",
            "Wolf Point",
            "Seeley Lake",
            "Roundup",
            "Conrad",
            "Malta",
            "Thompson Falls",
            "White Sulphur Springs",
            "Malmstrom Air Force Base",
            "East Helena",
            "West Glacier",
            "Fort Benton",
            "Cooke City",
            "Gallatin Gateway",
            "Crow Agency",
            "Fort Peck",
            "Plentywood",
            "Colstrip",
            "Arlee",
            "Harlowton"
        ]

    },
    {
        "id": "NE",
        "name": "Nebraska",
        "towns": [
            "Omaha",
            "Lincoln",
            "Nebraska City",
            "Grand Island",
            "Kearney",
            "North Platte",
            "Columbus",
            "Beatrice",
            "Scottsbluff",
            "Papillion",
            "Sidney",
            "Seward",
            "Ogallala",
            "McCook",
            "Alliance",
            "Wayne",
            "Valentine",
            "Chadron",
            "Crete",
            "La Vista",
            "Holdrege",
            "Gering",
            "Plattsmouth",
            "South Sioux City",
            "Schuyler",
            "Wahoo",
            "West Point",
            "Fairbury",
            "Cozad",
            "Central City",
            "Valley",
            "Minden",
            "Falls City",
            "O'Neill",
            "David City",
            "Monowi",
            "Offutt Air Force Base",
            "Pawnee City",
            "Boys Town",
            "Hartington",
            "Fort Calhoun",
            "Neligh",
            "Tekamah",
            "Yutan",
            "Brownville",
            "Dakota City",
            "Niobrara",
            "Filley",
            "Beemer",
            "Wausa"
        ]
    

    },
    {
        "id": "NV",
        "name": "Nevada",
        "towns": [
            "Las Vegas",
            "Reno",
            "Carson City",
            "Henderson",
            "Sparks",
            "Mesquite",
            "Elko",
            "North Las Vegas",
            "Laughlin",
            "Pahrump",
            "Fallon",
            "Winnemucca",
            "Boulder City",
            "Ely",
            "Gardnerville",
            "Fernley",
            "Minden",
            "Paradise",
            "Tonopah",
            "Virginia City",
            "Incline Village",
            "Jackpot",
            "Yerington",
            "West Wendover",
            "Stateline",
            "Wells",
            "Primm",
            "Hawthorne",
            "Spring Creek",
            "Beatty",
            "Lovelock",
            "Battle Mountain",
            "Silver Springs",
            "Sun Valley",
            "Nellis Air Force Base",
            "Spring Valley",
            "Mount Charleston",
            "Jarbidge",
            "Zephyr Cove",
            "Goodsprings",
            "Moapa Valley",
            "Amargosa Valley",
            "McDermitt",
            "Blue Diamond",
            "Sunrise Manor",
            "Summerlin South",
            "Moapa",
            "New Washoe City",
            "Calico Basin",
            "Sandy Valley"
        ]

    },
    {
        "id": "NH",
        "name": "New Hampshire",
        "towns": [
            "Manchester",
            "Concord",
            "Nashua",
            "Portsmouth",
            "Keene",
            "Lebanon",
            "Derry",
            "Rochester",
            "Hampton",
            "Londonderry",
            "Exeter",
            "Laconia",
            "Merrimack",
            "Hudson",
            "Conway",
            "Milford",
            "Hanover",
            "Littleton",
            "Hooksett",
            "Claremont",
            "Windham",
            "Franklin",
            "Seabrook",
            "Lincoln",
            "Gilford",
            "Epping",
            "Durham",
            "Somersworth",
            "Plaistow",
            "Atkinson",
            "Meredith",
            "Goffstown",
            "Pelham",
            "Wolfeboro",
            "Hampstead",
            "Lancaster",
            "Stratham",
            "North Hampton",
            "New London",
            "Gorham",
            "Dixville Notch",
            "Newmarket",
            "Jaffrey",
            "Ossipee",
            "Weare",
            "Pittsburg",
            "Rindge",
            "Moultonborough",
            "Farmington",
            "Swanzey"
        ]

    },
    {
        "id": "NJ",
        "name": "New Jersey",
        "towns": [
            "Jersey City",
            "Newark",
            "Trenton",
            "Atlantic City",
            "Princeton",
            "Paterson",
            "Edison",
            "Toms River",
            "Clifton",
            "Morristown",
            "Hoboken",
            "Cherry Hill",
            "Paramus",
            "Hackensack",
            "Montclair",
            "Bayonne",
            "Cape May",
            "Hamilton Township",
            "Parsippany-Troy Hills",
            "Passaic",
            "Piscataway",
            "Woodbridge Township",
            "Wildwood",
            "East Brunswick",
            "Bloomfield",
            "Secaucus",
            "North Bergen",
            "Asbury Park",
            "Old Bridge",
            "East Orange",
            "West Orange",
            "Howell Township",
            "Fort Lee",
            "Teaneck",
            "Red Bank",
            "Perth Amboy",
            "Mount Laurel Township",
            "Monroe Township",
            "Sayreville",
            "West New York",
            "Voorhees Township",
            "Manalapan Township",
            "Hackettstown",
            "Phillipsburg",
            "Moorestown",
            "Millville",
            "Nutley",
            "Rahway",
            "Denville",
            "Mahwah"
        ]
    

    },
    {
        "id": "NM",
        "name": "New Mexico",
        "towns": [
            "Albuquerque",
            "Santa Fe",
            "Las Cruces",
            "Silver City",
            "Roswell",
            "Deming",
            "Taos",
            "Farmington",
            "Hobbs",
            "Las Vegas",
            "Carlsbad",
            "Rio Rancho",
            "Ruidoso",
            "Gallup",
            "Los Alamos",
            "Alamogordo",
            "Tucumcari",
            "White Sands",
            "Española",
            "Portales",
            "Los Lunas",
            "Grants",
            "Raton",
            "Red River",
            "Socorro",
            "Belen",
            "Truth or Consequences",
            "Angel Fire",
            "Edgewood",
            "Lovington",
            "Cloudcroft",
            "Bernalillo",
            "Lordsburg",
            "Shiprock",
            "Corrales",
            "Tijeras",
            "Chama",
            "Sunland Park",
            "Taos Ski Valley",
            "Holloman Air Force Base",
            "Cannon Air Force Base",
            "Ojo Caliente",
            "Acoma Pueblo",
            "Taos Pueblo",
            "Mesilla",
            "Abiquiu",
            "Jemez Pueblo",
            "Zuni",
            "Isleta Village Proper",
            "Placitas"
        ]

    },
    {
        "id": "NY",
        "name": "New York",
        "towns": [
            "Buffalo",
            "Albany",
            "Rochester",
            "Syracuse",
            "Niagara Falls",
            "Utica",
            "Yonkers",
            "Binghamton",
            "Ithaca",
            "Poughkeepsie",
            "Schenectady",
            "Newburgh",
            "White Plains",
            "Plattsburgh",
            "Saratoga Springs",
            "Lake Placid",
            "Elmira",
            "Huntington",
            "New Rochelle",
            "Oswego",
            "Oneonta",
            "Canandaigua",
            "Tarrytown",
            "Great Neck",
            "Lake George",
            "Cheektowaga",
            "Scarsdale",
            "Farmingdale",
            "Hempstead",
            "Glens Falls",
            "Ogdensburg",
            "Smithtown",
            "Bay Shore",
            "Nyack",
            "Massapequa",
            "Riverhead",
            "New Paltz",
            "Wappingers Falls",
            "Cooperstown",
            "Peekskill",
            "Valley Stream",
            "Rhinebeck",
            "Patchogue",
            "Levittown",
            "Commack",
            "Port Chester",
            "Rockville Centre",
            "Port Washington",
            "New Hyde Park"
        ]

    },
    {
        "id": "NC",
        "name": "North Carolina",
        "towns": [
            "Raleigh",
            "Charlotte",
            "Asheville",
            "Wilmington",
            "Greensboro",
            "Carolina Beach",
            "Fayetteville",
            "Durham",
            "Chapel Hill",
            "Winston-Salem",
            "Cary",
            "Kannapolis",
            "High Point",
            "Concord",
            "Mooresville",
            "Boone",
            "New Bern",
            "Statesville",
            "Rocky Mount",
            "Gastonia",
            "Hendersonville",
            "Wilson",
            "Goldsboro",
            "Wake Forest",
            "Morrisville",
            "Elizabeth City",
            "Huntersville",
            "Apex",
            "Morganton",
            "Asheboro",
            "Clayton",
            "Lumberton",
            "Waynesville",
            "Garner",
            "Mount Airy",
            "Kernersville",
            "Pinehurst",
            "Kinston",
            "Mebane",
            "Emerald Isle",
            "Lincolnton",
            "Holly Springs",
            "Morehead City",
            "Brevard",
            "Fuquay-Varina",
            "Oak Island",
            "Cornelius",
            "Pittsboro",
            "Sylva",
            "Roanoke Rapids"
        ]

    },
    {
        "id": "ND",
        "name": "North Dakota",
        "towns": [
            "Fargo",
            "Bismarck",
            "Minot",
            "Grand Forks",
            "Watford City",
            "Dickinson",
            "Williston",
            "Mandan",
            "Devils Lake",
            "West Fargo",
            "Wahpeton",
            "Valley City",
            "New Town",
            "Rugby",
            "Medora",
            "Bottineau",
            "Oakes",
            "Hazen",
            "Cavalier",
            "Casselton",
            "Hettinger",
            "Hankinson",
            "Pembina",
            "Park River",
            "Beach",
            "Minot Air Force Base",
            "New Rockford",
            "Wishek",
            "Belfield",
            "Enderlin",
            "Parshall",
            "Argusville",
            "Grand Forks Air Force Base",
            "Edgeley",
            "Zap",
            "Fort Yates",
            "Velva",
            "Larimore",
            "LaMoure",
            "Richardton",
            "Dunseith",
            "Glen Ullin",
            "Mohall",
            "Lidgerwood",
            "Gwinner",
            "Egeland",
            "Hamberg",
            "Rolette",
            "Cayuga",
            "South Heart"
        ]

    },
    {
        "id": "OH",
        "name": "Ohio",
        "towns": [
            "Columbus",
            "Cleveland",
            "Cincinnati",
            "Dayton",
            "Akron",
            "Toledo",
            "Youngstown",
            "Findlay",
            "Wooster",
            "Chillicothe",
            "Zanesville",
            "Lorain",
            "Westerville",
            "Perrysburg",
            "Pittsburgh",
            "Hilliard",
            "Piqua",
            "Massillon",
            "Elyria",
            "North Canton",
            "Bellefontaine",
            "Wapakoneta",
            "Strongsville",
            "Steubenville",
            "Ashtabula",
            "Circleville",
            "New Albany",
            "Kettering",
            "Stow",
            "New Philadelphia",
            "Maumee",
            "Pickerington",
            "Reynoldsburg",
            "Cuyahoga Falls",
            "Miamisburg",
            "Vandalia",
            "Painesville",
            "Fairborn",
            "Gahanna",
            "Coshocton",
            "Beachwood",
            "Huber Heights",
            "Springboro",
            "Bucyrus",
            "Port Clinton",
            "Twinsburg",
            "Washington Court House",
            "East Palestine",
            "Cleveland Heights",
            "Canal Winchester"
        ]

    },
    {
        "id": "OK",
        "name": "Oklahoma",
        "towns": [
            "Oklahoma City",
            "Tulsa",
            "Norman",
            "Lawton",
            "Edmond",
            "Stillwater",
            "Broken Bow",
            "Enid",
            "Durant",
            "Shawnee",
            "Muskogee",
            "McAlester",
            "Yukon",
            "Owasso",
            "Bartlesville",
            "Tahlequah",
            "Claremore",
            "Chickasha",
            "Ponca City",
            "Okmulgee",
            "Disney",
            "Poteau",
            "Mustang",
            "Midwest City",
            "Elk City",
            "Idabel",
            "Guymon",
            "El Reno",
            "Sapulpa",
            "Bixby",
            "Atoka",
            "Sand Springs",
            "Sulphur",
            "Jenks",
            "Vinita",
            "Sallisaw",
            "Pawhuska",
            "Pauls Valley",
            "Fort Sill",
            "Wagoner",
            "Henryetta",
            "Thackerville",
            "Hochatown",
            "Checotah",
            "Coweta",
            "Tishomingo",
            "Catoosa",
            "Skiatook",
            "Medicine Park",
            "Del City"
        ]

    },
    {
        "id": "OR",
        "name": "Oregon",
        "towns": [
            "Portland",
            "Oregon City",
            "Salem",
            "Eugene",
            "Bend",
            "Medford",
            "Beaverton",
            "Corvallis",
            "Albany",
            "Newport",
            "Hillsboro",
            "Astoria",
            "Cannon Beach",
            "Roseburg",
            "Grants Pass",
            "Gresham",
            "Lincoln City",
            "Coos Bay",
            "Pendleton",
            "McMinnville",
            "Klamath Falls",
            "Dallas",
            "La Grande",
            "Lake Oswego",
            "Tigard",
            "Hermiston",
            "Hood River",
            "Woodburn",
            "Tillamook",
            "Newberg",
            "The Dalles",
            "Milwaukie",
            "Wilsonville",
            "Bandon",
            "Clackamas",
            "Prineville",
            "Tualatin",
            "Baker City",
            "Keizer",
            "Canby",
            "Sherwood",
            "Gold Beach",
            "Troutdale",
            "Central Point",
            "Forest Grove",
            "West Linn",
            "Happy Valley",
            "Sunriver",
            "La Pine",
            "St. Helens"
        ]

    },
    {
        "id": "PA",
        "name": "Pennsylvania",
        "towns": [
            "Philadelphia",
            "Pittsburgh",
            "Harrisburg",
            "Scranton",
            "Allentown",
            "Lancaster",
            "Erie",
            "Hershey",
            "West Chester",
            "Bethlehem",
            "Gettysburg",
            "State College",
            "Altoona",
            "Mechanicsburg",
            "Johnstown",
            "Wilkes-Barre",
            "Pottstown",
            "Chambersburg",
            "Greensburg",
            "Williamsport",
            "West Reading",
            "Bloomsburg",
            "Doylestown",
            "Stroudsburg",
            "Punxsutawney",
            "Meadville",
            "Uniontown",
            "Villanova",
            "King of Prussia",
            "Norristown",
            "Downingtown",
            "Hazleton",
            "Cranberry Township",
            "Shippensburg",
            "Lansdale",
            "Lititz",
            "East Stroudsburg",
            "Monroeville",
            "Ephrata",
            "Bensalem",
            "Camp Hill",
            "Lewisburg",
            "Pottsville",
            "Phoenixville",
            "Latrobe",
            "Quakertown",
            "New Hope",
            "Coatesville",
            "Collegeville",
            "Canonsburg"
        ]

    },
    {
        "id": "RI",
        "name": "Rhode Island",
        "towns": [
            "Providence",
            "Newport",
            "Pawtucket",
            "Warwick",
            "Cranston",
            "Westerly",
            "Woonsocket",
            "Cumberland",
            "Bristol",
            "Johnston",
            "Smithfield",
            "Narragansett",
            "Middletown",
            "Lincoln",
            "Coventry",
            "East Providence",
            "North Kingstown",
            "Portsmouth",
            "East Greenwich",
            "Barrington",
            "Warren",
            "Tiverton",
            "North Providence",
            "West Warwick",
            "South Kingstown",
            "Charlestown",
            "Jamestown",
            "North Smithfield",
            "Central Falls",
            "Scituate",
            "Burrillville",
            "Exeter",
            "Richmond",
            "Little Compton",
            "West Greenwich",
            "Foster",
            "Glocester",
            "New Shoreham",
            "Hopkinton",
            "Weekapaug",
            "Quonochontaug",
            "Potowomut",
            "Apponaug",
            "Cowesett",
            "Centerdale",
            "Hillsgrove",
            "Blackrock",
            "Crompton",
            "Fairlawn",
            "Lippitt"
        ]

    },
    {
        "id": "SC",
        "name": "South Carolina",
        "towns": [
            "Charleston",
            "Myrtle Beach",
            "Greenville",
            "Columbia",
            "Hilton Head Island",
            "Spartanburg",
            "Florence",
            "Summerville",
            "Rock Hill",
            "Simpsonville",
            "Beaufort",
            "Sumter",
            "Lexington",
            "Clemson",
            "Aiken",
            "Mount Pleasant",
            "Bluffton",
            "Conway",
            "Fort Mill",
            "Greer",
            "Orangeburg",
            "North Charleston",
            "Easley",
            "Lancaster",
            "Hartsville",
            "Seneca",
            "Gaffney",
            "Camden",
            "Kiawah Island",
            "North Myrtle Beach",
            "Irmo",
            "West Columbia",
            "Walterboro",
            "Murrells Inlet",
            "Newberry",
            "Surfside Beach",
            "North Augusta",
            "Goose Creek",
            "Folly Beach",
            "Laurens",
            "Pawleys Island",
            "Moncks Corner",
            "Clover",
            "Blythewood",
            "Isle of Palms",
            "Travelers Rest",
            "Taylors",
            "Indian Land",
            "Hardeeville",
            "Mauldin"
        ]

    },
    {
        "id": "SD",
        "name": "South Dakota",
        "towns": [
            "Sioux Falls",
            "Rapid City",
            "Brookings",
            "Pierre",
            "Deadwood",
            "Mitchell",
            "Yankton",
            "Spearfish",
            "Vermillion",
            "Sturgis",
            "Winner",
            "Hot Springs",
            "Tea",
            "Belle Fourche",
            "Hill City",
            "Mobridge",
            "Box Elder",
            "Sisseton",
            "De Smet",
            "Fort Pierre",
            "Dell Rapids",
            "Flandreau",
            "North Sioux City",
            "Eagle Butte",
            "Murdo",
            "Dakota Dunes",
            "Elk Point",
            "Parkston",
            "Garretson",
            "Wounded Knee",
            "Timber Lake",
            "Toronto",
            "Lake Andes",
            "Wessington Springs",
            "Faulkton",
            "Alcester",
            "Waubay",
            "Kadoka",
            "Estelline",
            "Plankinton",
            "Burke",
            "Lake Norden",
            "Lower Brule",
            "Gayville",
            "Akaska",
            "Strool",
            "Wakpala",
            "Wasta",
            "Lake Madison",
            "Canistota"
        ]

    },
    {
        "id": "TN",
        "name": "Tennessee",
        "towns": [
            "Nashville",
            "Memphis",
            "Gatlinburg",
            "Knoxville",
            "Chattanooga",
            "Pigeon Forge",
            "Tennessee City",
            "Clarksville",
            "Murfreesboro",
            "Jackson",
            "Maryville",
            "Johnson City",
            "Sevierville",
            "Cookeville",
            "Hendersonville",
            "Columbia",
            "Kingsport",
            "Morristown",
            "Gallatin",
            "Greeneville",
            "Crossville",
            "Oak Ridge",
            "Dickson",
            "Smyrna",
            "Spring Hill",
            "Dyersburg",
            "Mt. Juliet",
            "Tullahoma",
            "Collierville",
            "Elizabethton",
            "Lenoir City",
            "Millington",
            "Jonesborough",
            "Goodlettsville",
            "Eidson",
            "La Vergne",
            "Rogersville",
            "Ooltewah",
            "Dandridge",
            "Loudon",
            "Arlington",
            "Mountain City",
            "LaFollette",
            "Dunlap",
            "Nolensville",
            "Ashland City",
            "Huntingdon",
            "Soddy-Daisy",
            "Hohenwald",
            "Sneedville"
        ]

    },
    {
        "id": "TX",
        "name": "Texas",
        "towns": [
            "Houston",
            "Dallas",
            "Austin",
            "San Antonio",
            "Texas City",
            "El Paso",
            "Fort Worth",
            "Amarillo",
            "Corpus Christi",
            "Eagle Pass",
            "Lubbock",
            "Arlington",
            "Waco",
            "Galveston",
            "McAllen",
            "Laredo",
            "Plano",
            "Brownsville",
            "Frisco",
            "Killeen",
            "College Station",
            "Abilene",
            "Irving",
            "Katy",
            "Denton",
            "McKinney",
            "Fredericksburg",
            "New Braunfels",
            "San Marcos",
            "Round Rock",
            "Texarkana",
            "Conroe",
            "Wichita Falls",
            "San Angelo",
            "Garland",
            "Edinburg",
            "Grand Prairie",
            "The Woodlands",
            "Mesquite",
            "Sugar Land",
            "Mansfield",
            "Carrollton",
            "Grapevine",
            "Lewisville",
            "Harlingen",
            "Rockwall",
            "Baytown",
            "Pearland",
            "Kerrville",
            "Waxahachie"
        ]

    },
    {
        "id": "UT",
        "name": "Utah",
        "towns": [
            "Salt Lake City",
            "Park City",
            "Cedar City",
            "St. George",
            "Ogden",
            "Logan",
            "Moab",
            "Provo",
            "Orem",
            "Sandy",
            "Layton",
            "Lehi",
            "Washington",
            "Draper",
            "Vernal",
            "West Jordan",
            "West Valley City",
            "South Jordan",
            "Bountiful",
            "Kanab",
            "Spanish Fork",
            "Tooele",
            "American Fork",
            "Springville",
            "Heber City",
            "Saratoga Springs",
            "Riverton",
            "Herriman",
            "Midvale",
            "Taylorsville",
            "Springdale",
            "Eagle Mountain",
            "Syracuse",
            "Clearfield",
            "Alta",
            "Pleasant Grove",
            "Brigham City",
            "Kaysville",
            "Lindon",
            "Tremonton",
            "Holladay",
            "Ephraim",
            "Millcreek",
            "Brian Head",
            "Blanding",
            "Cottonwood Heights",
            "Ivins",
            "Torrey",
            "Riverdale",
            "Grantsville"
        ]

    },
    {
        "id": "VT",
        "name": "Vermont",
        "towns": [
            "Burlington",
            "Montpelier",
            "Stowe",
            "Rutland",
            "Brattleboro",
            "Killington",
            "Bennington",
            "Middlebury",
            "Manchester",
            "Woodstock",
            "Saint Albans City",
            "Barre",
            "Vergennes",
            "South Burlington",
            "Essex",
            "Colchester",
            "Saint Johnsbury",
            "Jay",
            "Shelburne",
            "Ludlow",
            "Essex Junction",
            "Stratton",
            "Randolph",
            "Wilmington",
            "Warren",
            "Winooski",
            "Waitsfield",
            "Swanton",
            "Brandon",
            "Dover",
            "Jericho",
            "Putney",
            "Hinesburg",
            "Londonderry",
            "Fair Haven",
            "Burke",
            "Enosburg",
            "Johnson",
            "Poultney",
            "Waterbury Village Historic District",
            "Royalton",
            "Richford",
            "Hartland",
            "Barre Town",
            "Strafford",
            "Jamaica",
            "Peru",
            "Charleston",
            "New Haven",
            "Williamstown"
        ]

    },
    {
        "id": "VA",
        "name": "Virginia",
        "towns": [
            "Virginia Beach", "Norfolk", "Chesapeake", "Richmond", "Newport News", "Alexandria", "Hampton", "Roanoke", "Portsmouth", "Suffolk"
        ]
    },
    {
        "id": "WA",
        "name": "Washington",
        "towns": [
            "Seattle",
            "Spokane",
            "Vancouver",
            "Tacoma",
            "Kent",
            "Olympia",
            "Everett",
            "Bellingham",
            "Yakima",
            "Bellevue",
            "Leavenworth",
            "Redmond",
            "Forks",
            "Kennewick",
            "Pasco",
            "Renton",
            "Puyallup",
            "Lacey",
            "Kirkland",
            "Lynnwood",
            "Walla Walla",
            "Wenatchee",
            "Bremerton",
            "Marysville",
            "Bothell",
            "Federal Way",
            "Moses Lake",
            "Ellensburg",
            "Issaquah",
            "Port Angeles",
            "Snohomish",
            "Gig Harbor",
            "Sequim",
            "Battle Ground",
            "Spokane Valley",
            "Camas",
            "Woodinville",
            "George",
            "Silverdale",
            "Chehalis",
            "Anacortes",
            "Port Orchard",
            "Tukwila",
            "Poulsbo",
            "Burien",
            "Lake Stevens",
            "Sammamish",
            "Tumwater",
            "Bainbridge Island",
            "Ocean Shores"
        ]

    },
    {
        "id": "WV",
        "name": "West Virginia",
        "towns": [
            "Charleston",
            "Morgantown",
            "Huntington",
            "Martinsburg",
            "Beckley",
            "Wheeling",
            "Parkersburg",
            "Fairmont",
            "Clarksburg",
            "Charles Town",
            "Princeton",
            "Harpers Ferry",
            "Elkins",
            "Lewisburg",
            "Bluefield",
            "Weirton",
            "Buckhannon",
            "Summersville",
            "Snowshoe",
            "South Charleston",
            "Berkeley Springs",
            "Fayetteville",
            "Point Pleasant",
            "Weston",
            "Moundsville",
            "Philippi",
            "Shepherdstown",
            "White Sulphur Springs",
            "New Martinsville",
            "Cross Lanes",
            "Moorefield",
            "Hedgesville",
            "Ranson",
            "Welch",
            "Triadelphia",
            "Elkview",
            "Chapmanville",
            "Davis",
            "Wellsburg",
            "Glenville",
            "Shinnston",
            "Wardensville",
            "Belington",
            "Marlinton",
            "Man",
            "Kearneysville",
            "Sissonville",
            "Shenandoah Junction",
            "Cabins",
            "Whittaker"
        ]

    },
    {
        "id": "WI",
        "name": "Wisconsin",
        "towns": [
            "Milwaukee",
            "Madison",
            "Green Bay",
            "Wisconsin Dells",
            "Appleton",
            "La Crosse",
            "Eau Claire",
            "Kenosha",
            "Racine",
            "Janesville",
            "Wausau",
            "Waukesha",
            "Oshkosh",
            "Sheboygan",
            "Beloit",
            "Fond du Lac",
            "Wisconsin Rapids",
            "Lake Geneva",
            "Stevens Point",
            "Marshfield",
            "Neenah",
            "Middleton",
            "Sun Prairie",
            "Manitowoc",
            "West Bend",
            "Rice Lake",
            "Baraboo",
            "Menomonie",
            "Oconomowoc",
            "Arkansaw",
            "Chippewa Falls",
            "Onalaska",
            "Tomah",
            "Rhinelander",
            "Menomonee Falls",
            "De Pere",
            "New Richmond",
            "River Falls",
            "Whitewater",
            "New Berlin",
            "Wauwatosa",
            "West Allis",
            "Pewaukee",
            "Platteville",
            "Delavan",
            "Mequon",
            "Shawano",
            "Minocqua",
            "Cedarburg"
        ]

    },
    {
        "id": "WY",
        "name": "Wyoming",
        "towns": [
            "Cheyenne",
            "Jackson",
            "Casper",
            "Yellowstone National Park",
            "Laramie",
            "Cody",
            "Sheridan",
            "Gillette",
            "Rock Springs",
            "Evanston",
            "Riverton",
            "Lander",
            "Rawlins",
            "Green River",
            "Pinedale",
            "Thermopolis",
            "Wheatland",
            "Worland",
            "Afton",
            "Dubois",
            "Saratoga",
            "Kemmerer",
            "Alpine",
            "Sundance",
            "Devils Tower",
            "Greybull",
            "Lusk",
            "Glenrock",
            "Centennial",
            "Teton Village",
            "Thayne",
            "Basin",
            "Lyman",
            "Star Valley Ranch",
            "Guernsey",
            "Mills",
            "Evansville",
            "Mountain View",
            "Saddlestring",
            "Fort Laramie",
            "Ten Sleep",
            "Medicine Bow",
            "Buford",
            "Cokeville",
            "Hells Half Acre",
            "Fort Bridger",
            "Meeteetse",
            "Chugwater",
            "Big Horn",
            "Moran"
        ]

    }
]

}